track_id,artist_id,album_id,path,duration,candidate_group,match_score,matched_primary_tags,matched_secondary_tags,all_matching_groups,matching_group_count,genre_tags
0057159,002296,006207,59/57159.mp3,300.0,break_candidate,6,breakbeat|drumnbass,electronic|experimental,break_candidate,1,breakbeat|drumnbass|electronic|experimental
1076139,008264,128180,39/1076139.mp3,352.5,lock_candidate,7,funk|jazzfunk,fusion|groove|jazz,lock_candidate,1,funk|fusion|groove|jazz|jazzfunk
1149194,441585,137801,94/1149194.mp3,195.3,house_candidate,8,club|edm|house,dance|electronic,house_candidate,1,club|dance|edm|electronic|house
0802283,359034,093877,83/802283.mp3,212.7,hiphop_candidate,6,hiphop|rap|triphop,,hiphop_candidate,1,hiphop|jazz|rap|triphop
1399525,363557,163820,25/1399525.mp3,242.0,pop_candidate,8,electropop|eurodance|pop,dance|electronic,pop_candidate,1,dance|electronic|electropop|eurodance|pop
0073462,002296,006502,62/73462.mp3,205.4,break_candidate,6,breakbeat|drumnbass,electronic|experimental,break_candidate,1,breakbeat|drumnbass|electronic|experimental
0288281,342507,040067,81/288281.mp3,242.2,lock_candidate,7,disco|funk|soul,dance,lock_candidate,1,dance|disco|electronic|funk|soul
0395474,352350,049569,74/395474.mp3,490.9,house_candidate,8,club|deephouse|house,dance|electronic,house_candidate,1,club|dance|deephouse|electronic|house
1116721,421137,133426,21/1116721.mp3,408.1,hiphop_candidate,6,hiphop|rap|triphop,,hiphop_candidate,1,hiphop|rap|triphop
0918877,348998,108812,77/918877.mp3,210.1,pop_candidate,7,electropop|pop|synthpop,electronic,pop_candidate,1,80s|electronic|electropop|pop|poprock|synthpop
0891990,352350,104914,90/891990.mp3,195.0,break_candidate,6,breakbeat|drumnbass,electronic|experimental,break_candidate,1,breakbeat|drumnbass|electronic|experimental|progressive
0377474,351657,048107,74/377474.mp3,256.2,lock_candidate,7,disco|funk|soul,dance,lock_candidate,1,dance|disco|funk|soul
1106675,442041,132166,75/1106675.mp3,281.8,house_candidate,8,club|edm|house,dance|electronic,house_candidate,1,club|dance|edm|electronic|house
1312939,437666,155861,39/1312939.mp3,278.2,hiphop_candidate,6,hiphop|rap|triphop,,hiphop_candidate,1,hiphop|rap|triphop
0038120,005324,004676,20/38120.mp3,181.1,pop_candidate,7,electropop|instrumentalpop|synthpop,electronic,pop_candidate,1,electronic|electropop|instrumentalpop|synthpop
1399581,006916,163826,81/1399581.mp3,397.8,break_candidate,5,breakbeat|drumnbass,electronic,break_candidate,1,breakbeat|drumnbass|electronic
0003962,000357,000621,62/3962.mp3,318.2,lock_candidate,6,disco|funk,groove|rnb,lock_candidate,1,disco|funk|groove|rnb
1109968,442041,132608,68/1109968.mp3,238.6,house_candidate,8,club|edm|house,dance|electronic,house_candidate,1,club|dance|edm|electronic|house
1413889,352097,165078,89/1413889.mp3,262.5,hiphop_candidate,6,hiphop|rap|triphop,,hiphop_candidate,1,electronic|hiphop|rap|soundtrack|triphop
0159582,005324,022931,82/159582.mp3,163.4,pop_candidate,7,electropop|instrumentalpop|synthpop,electronic,pop_candidate,1,electronic|electropop|instrumentalpop|synthpop
0313823,338437,042474,23/313823.mp3,269.9,break_candidate,5,breakbeat|drumnbass,electronic,break_candidate,1,breakbeat|drumnbass|electronic|idm
0166409,008004,024399,09/166409.mp3,369.7,lock_candidate,6,funk|jazzfunk,fusion|jazz,lock_candidate,1,chillout|funk|fusion|jazz|jazzfunk
1399786,495484,163849,86/1399786.mp3,97.1,house_candidate,8,club|deephouse,dance|electronic|minimal|techno,house_candidate,1,club|dance|deephouse|electronic|industrial|minimal|techno
1194767,461539,143792,67/1194767.mp3,189.2,hiphop_candidate,6,hiphop|rap|triphop,,hiphop_candidate,1,hiphop|rap|triphop
1210698,007063,145414,98/1210698.mp3,162.8,pop_candidate,6,electropop|pop|synthpop,,pop_candidate,1,electropop|pop|synthpop
1343593,348064,158613,93/1343593.mp3,190.7,break_candidate,5,breakbeat|drumnbass,electronic,break_candidate,1,breakbeat|drumnbass|electronic
0830773,362501,097202,73/830773.mp3,201.0,lock_candidate,6,funk|soul,jazz|rnb,lock_candidate,1,funk|jazz|rnb|soul
1159089,441585,139128,89/1159089.mp3,265.7,house_candidate,8,club|edm|house,dance|electronic,house_candidate,1,club|dance|edm|electronic|house
1098838,437812,131080,38/1098838.mp3,187.8,hiphop_candidate,6,hiphop|rap|triphop,,hiphop_candidate,1,hiphop|rap|triphop
1081522,439316,128846,22/1081522.mp3,260.0,pop_candidate,6,electropop|eurodance|pop,,pop_candidate,1,electropop|eurodance|pop
0155947,339053,022386,47/155947.mp3,421.9,break_candidate,5,breakbeat|drumnbass,electronic,break_candidate,1,breakbeat|drumnbass|electronic
1159246,442381,139166,46/1159246.mp3,252.0,lock_candidate,6,funk|jazzfunk,fusion|jazz,lock_candidate,1,funk|fusion|jazz|jazzfunk
1310553,484797,155686,53/1310553.mp3,169.9,house_candidate,7,club|edm|house,dance,house_candidate,1,club|dance|edm|house
1329324,359257,157319,24/1329324.mp3,194.5,hiphop_candidate,6,hiphop|rap|triphop,,hiphop_candidate,1,hiphop|rap|triphop
1032559,361785,121514,59/1032559.mp3,235.3,pop_candidate,6,electropop|eurodance,dance|electronic,pop_candidate,1,dance|electronic|electropop|eurodance
0134323,338149,019137,23/134323.mp3,77.7,break_candidate,5,breakbeat|drumnbass,electronic,break_candidate,1,breakbeat|drumnbass|electronic
0952688,341323,112011,88/952688.mp3,132.0,lock_candidate,6,funk|jazzfunk,fusion|groove,lock_candidate,1,acidjazz|ambient|funk|fusion|groove|jazzfunk|lounge|world
1234497,472670,147855,97/1234497.mp3,310.5,house_candidate,7,club|edm|house,dance,house_candidate,1,club|dance|edm|house
1219211,358485,146240,11/1219211.mp3,226.2,hiphop_candidate,6,hiphop|rap|triphop,,hiphop_candidate,1,hiphop|rap|triphop
1168875,008360,140604,75/1168875.mp3,275.6,pop_candidate,6,electropop|pop,dance|electronic,pop_candidate,1,dance|electronic|electropop|pop
1198244,443574,144146,44/1198244.mp3,339.2,break_candidate,5,breakbeat|drumnbass,electronic,break_candidate,1,breakbeat|drumnbass|electronic
1327029,353120,157080,29/1327029.mp3,327.0,lock_candidate,6,funk|jazzfunk|soul,,lock_candidate,1,funk|jazzfunk|soul
0045242,003240,005417,42/45242.mp3,572.8,house_candidate,7,club|house,dance|electronic|trance,house_candidate,1,club|dance|electronic|house|trance
0338399,350028,044801,99/338399.mp3,228.0,hiphop_candidate,6,hiphop|rap|triphop,,hiphop_candidate,1,electronic|experimental|hiphop|rap|triphop|world
1181203,348998,142145,03/1181203.mp3,226.7,pop_candidate,6,electropop|pop|synthpop,,pop_candidate,1,electropop|pop|synthpop
1082691,378721,128977,91/1082691.mp3,224.1,break_candidate,5,breakbeat|drumnbass,electronic,break_candidate,1,breakbeat|drumnbass|electronic|singersongwriter
0600112,341323,069335,12/600112.mp3,128.3,lock_candidate,6,funk|jazzfunk,fusion|groove,lock_candidate,1,funk|fusion|groove|jazzfunk|lounge
0832030,371382,097289,30/832030.mp3,333.1,house_candidate,7,club|house,dance|electronic|trance,house_candidate,1,club|dance|electronic|house|trance
1273904,343154,152077,04/1273904.mp3,188.6,hiphop_candidate,6,hiphop|rap|triphop,,hiphop_candidate,1,hiphop|rap|triphop
1405471,495484,164323,71/1405471.mp3,67.3,pop_candidate,6,electropop|pop|synthpop,,pop_candidate,1,electropop|pop|synthpop
0096795,336564,009981,95/96795.mp3,480.5,break_candidate,5,breakbeat|drumnbass,electronic,break_candidate,1,ambient|breakbeat|drumnbass|electronic
1011642,421874,119118,42/1011642.mp3,229.4,lock_candidate,5,soul,fusion|jazz|rnb,lock_candidate,1,bossanova|fusion|jazz|rnb|soul
0244162,338522,035444,62/244162.mp3,320.8,house_candidate,7,club|house,dance|electronic|techno,house_candidate,1,club|dance|electronic|house|techno
1320021,359034,156519,21/1320021.mp3,141.4,hiphop_candidate,5,hiphop|triphop,downtempo,hiphop_candidate,1,downtempo|hiphop|triphop
1338456,369412,158139,56/1338456.mp3,301.5,pop_candidate,6,electropop|pop|synthpop,,pop_candidate,1,electropop|pop|synthpop
1340338,481897,158322,38/1340338.mp3,240.0,break_candidate,5,breakbeat|drumnbass,electronic,break_candidate,1,breakbeat|drumnbass|electronic
0033633,004695,004145,33/33633.mp3,111.3,lock_candidate,5,funk|jazzfunk,jazz,lock_candidate,1,funk|jazz|jazzfunk|world
1398736,474996,163753,36/1398736.mp3,407.3,house_candidate,7,deephouse|house,electronic|electronica|techno,house_candidate,1,deephouse|electronic|electronica|house|techno
1367156,492310,160809,56/1367156.mp3,175.2,hiphop_candidate,5,hiphop|rap,rnb,hiphop_candidate,1,hiphop|rap|rnb
0992073,368863,116704,73/992073.mp3,184.1,pop_candidate,6,electropop|pop|synthpop,,pop_candidate,1,electropop|pop|synthpop
0801407,349009,093808,07/801407.mp3,372.8,break_candidate,5,breakbeat|drumnbass,electronic,break_candidate,1,breakbeat|drumnbass|electronic
1030283,433460,121169,83/1030283.mp3,218.8,lock_candidate,5,soul,fusion|jazz|rnb,lock_candidate,1,fusion|jazz|rnb|soul
1288110,484411,153545,10/1288110.mp3,222.1,house_candidate,7,club|edm|house,electronic,house_candidate,1,club|edm|electronic|house
1267981,473553,150565,81/1267981.mp3,238.0,hiphop_candidate,5,hiphop|rap,rnb,hiphop_candidate,1,hiphop|rap|rnb
1412380,489933,164086,80/1412380.mp3,490.4,pop_candidate,6,electropop|eurodance|synthpop,,pop_candidate,1,electronica|electropop|eurodance|synthpop
1085219,429975,129309,19/1085219.mp3,540.4,break_candidate,5,breakbeat|drumnbass,electronic,break_candidate,1,alternative|breakbeat|drumnbass|electronic
1066916,434276,126108,16/1066916.mp3,338.3,lock_candidate,5,funk|jazzfunk,jazz,lock_candidate,1,funk|jazz|jazzfunk|progressive|worldfusion
1170315,457196,140827,15/1170315.mp3,176.3,house_candidate,7,edm|house,dance|electronic|trance,house_candidate,1,dance|edm|electronic|house|soundtrack|trance
1041354,434688,122666,54/1041354.mp3,140.7,hiphop_candidate,5,hiphop|triphop,downtempo,hiphop_candidate,1,ambient|downtempo|hiphop|triphop
1152086,452945,138248,86/1152086.mp3,144.0,pop_candidate,6,electropop|pop|synthpop,,pop_candidate,1,electropop|pop|synthpop
1399588,006916,163827,88/1399588.mp3,290.3,break_candidate,4,breakbeat|drumnbass,,break_candidate,1,breakbeat|drumnbass
1354273,462377,159652,73/1354273.mp3,76.2,lock_candidate,5,disco|funk,groove,lock_candidate,1,disco|funk|groove
0014731,000876,002102,31/14731.mp3,328.5,house_candidate,6,club,dance|electronic|techno|trance,house_candidate,1,club|dance|electronic|techno|trance
1179602,458379,141980,02/1179602.mp3,214.0,hiphop_candidate,5,hiphop|rap,rnb,hiphop_candidate,1,hiphop|rap|rnb
1090656,438910,130001,56/1090656.mp3,214.6,pop_candidate,6,electropop|instrumentalpop|synthpop,,pop_candidate,1,electropop|instrumentalpop|synthpop
0572360,359621,066061,60/572360.mp3,272.4,break_candidate,4,breakbeat,electronic|experimental,break_candidate,1,ambient|breakbeat|chillout|electronic|experimental|idm
1181032,458611,142127,32/1181032.mp3,272.3,lock_candidate,5,funk|jazzfunk,fusion,lock_candidate,1,ambient|funk|fusion|jazzfunk
1343434,470592,158599,34/1343434.mp3,414.4,house_candidate,6,club|deephouse|house,,house_candidate,1,club|deephouse|house
1236297,456900,148224,97/1236297.mp3,147.7,hiphop_candidate,5,hiphop|rap,groove,hiphop_candidate,1,groove|hiphop|rap
0652168,349700,075580,68/652168.mp3,192.5,pop_candidate,6,electropop|pop|synthpop,,pop_candidate,1,electropop|pop|synthpop
0075347,007625,006735,47/75347.mp3,148.3,break_candidate,4,drumnbass,electronic|experimental,break_candidate,1,alternative|chillout|drumnbass|electronic|experimental
1068343,362862,126276,43/1068343.mp3,188.5,lock_candidate,5,funk|soul,rnb,lock_candidate,1,funk|rnb|soul
1234555,472670,148016,55/1234555.mp3,303.8,house_candidate,6,edm|house,dance|electronic,house_candidate,1,dance|edm|electronic|house
1202182,462917,144454,82/1202182.mp3,292.4,hiphop_candidate,5,hiphop|rap,rnb,hiphop_candidate,1,hiphop|rap|rnb
1085465,439316,129346,65/1085465.mp3,198.8,pop_candidate,6,electropop|eurodance|pop,,pop_candidate,1,electropop|eurodance|pop
1400585,495542,163915,85/1400585.mp3,204.4,break_candidate,4,breakbeat|drumnbass,,break_candidate,1,breakbeat|drumnbass|dubstep
0116104,000357,015493,04/116104.mp3,315.1,lock_candidate,5,disco|funk,groove,lock_candidate,1,disco|funk|groove
1369670,459669,161127,70/1369670.mp3,524.9,house_candidate,6,edm|house,dance|techno,house_candidate,1,dance|edm|house|techno
1337809,488990,158055,09/1337809.mp3,277.0,hiphop_candidate,5,hiphop|rap,rnb,hiphop_candidate,1,hiphop|rap|rnb
1372107,363557,161398,07/1372107.mp3,397.0,pop_candidate,6,electropop|eurodance|pop,,pop_candidate,1,electropop|eurodance|pop
1167527,336690,140405,27/1167527.mp3,462.2,break_candidate,4,drumnbass,electronic|experimental,break_candidate,1,drumnbass|dub|electronic|experimental
0005859,000797,000900,59/5859.mp3,184.3,lock_candidate,5,funk|soul,rnb,lock_candidate,1,funk|rnb|soul
1329723,422939,157349,23/1329723.mp3,391.7,house_candidate,6,deephouse|edm,dance|electronic,house_candidate,1,dance|deephouse|edm|electronic
1293915,484941,154079,15/1293915.mp3,227.0,hiphop_candidate,5,hiphop|rap,rnb,hiphop_candidate,1,hiphop|rap|rnb
1180352,457845,142044,52/1180352.mp3,294.0,pop_candidate,6,electropop|pop,dance|electronic,pop_candidate,1,dance|electronic|electropop|pop
1279331,362323,152625,31/1279331.mp3,216.1,break_candidate,4,breakbeat,electronic|experimental,break_candidate,1,breakbeat|electronic|experimental
1420425,497198,165677,25/1420425.mp3,130.0,lock_candidate,5,disco|funk,dance,lock_candidate,1,chillout|dance|disco|funk
1379325,459669,162046,25/1379325.mp3,296.8,house_candidate,6,edm|house,dance|techno,house_candidate,1,dance|edm|house|techno
1183079,439567,142381,79/1183079.mp3,300.0,hiphop_candidate,5,hiphop|triphop,downtempo,hiphop_candidate,1,downtempo|hiphop|triphop
0331392,349673,044203,92/331392.mp3,180.1,pop_candidate,6,electropop|pop,dance|electronic,pop_candidate,1,dance|electronic|electropop|pop
1357526,491347,159983,26/1357526.mp3,332.9,break_candidate,4,breakbeat|drumnbass,,break_candidate,1,breakbeat|drumnbass
1126668,008360,134838,68/1126668.mp3,294.7,lock_candidate,5,funk|jazzfunk,dance,lock_candidate,1,dance|funk|jazzfunk
0006615,000876,001011,15/6615.mp3,306.4,house_candidate,6,club,dance|electronic|techno|trance,house_candidate,1,club|dance|electronic|techno|trance
1217221,350969,146028,21/1217221.mp3,212.0,hiphop_candidate,5,hiphop|rap,rnb,hiphop_candidate,1,hiphop|rap|rnb
0519565,356877,060740,65/519565.mp3,190.2,pop_candidate,6,electropop|pop|synthpop,,pop_candidate,1,electropop|pop|synthpop
1419769,467873,165630,69/1419769.mp3,313.6,break_candidate,4,breakbeat,electronic|electronica,break_candidate,1,breakbeat|electronic|electronica
1420478,497198,165679,78/1420478.mp3,169.0,lock_candidate,5,disco|funk,dance,lock_candidate,1,chillout|dance|disco|funk
1131407,350115,135666,07/1131407.mp3,184.5,house_candidate,6,club,dance|electronic|techno|trance,house_candidate,1,club|dance|electronic|techno|trance
1264197,351616,151122,97/1264197.mp3,127.7,hiphop_candidate,5,hiphop|rap,groove,hiphop_candidate,1,groove|hiphop|rap
0913291,007063,108108,91/913291.mp3,174.4,pop_candidate,6,eurodance|pop,dance|electronic,pop_candidate,1,dance|electronic|eurodance|pop
0750217,367596,087736,17/750217.mp3,347.0,break_candidate,4,breakbeat,electronic|experimental,break_candidate,1,breakbeat|downtempo|electronic|experimental|idm
0835631,346555,097773,31/835631.mp3,188.2,lock_candidate,5,funk|jazzfunk,jazz,lock_candidate,1,funk|jazz|jazzfunk
1104646,441841,131876,46/1104646.mp3,302.2,house_candidate,6,club|house,dance|electronic,house_candidate,1,club|dance|electronic|house
1387142,377603,162708,42/1387142.mp3,170.4,hiphop_candidate,5,hiphop|rap,rnb,hiphop_candidate,1,hiphop|rap|rnb
1086307,350876,129480,07/1086307.mp3,223.2,pop_candidate,6,pop|synthpop,dance|electronic,pop_candidate,1,dance|electronic|pop|synthpop
1406197,366513,164404,97/1406197.mp3,444.1,break_candidate,4,breakbeat|drumnbass,,break_candidate,1,breakbeat|drumnbass
1174879,455082,141405,79/1174879.mp3,223.8,lock_candidate,5,disco|funk,fusion,lock_candidate,1,disco|funk|fusion
1146086,452184,137421,86/1146086.mp3,464.6,house_candidate,6,club|house,dance|electronic,house_candidate,1,90s|club|dance|electronic|house
1367203,492376,160863,03/1367203.mp3,228.2,hiphop_candidate,5,hiphop|rap,rnb,hiphop_candidate,1,hiphop|rap|rnb
0772947,349700,090590,47/772947.mp3,243.9,pop_candidate,6,electropop|eurodance|synthpop,,pop_candidate,1,electropop|eurodance|synthpop
1203939,003682,144637,39/1203939.mp3,298.9,break_candidate,4,breakbeat,electronic|experimental,break_candidate,1,breakbeat|electronic|experimental
1190864,352184,143336,64/1190864.mp3,170.8,lock_candidate,5,disco|funk,dance,lock_candidate,1,dance|disco|funk
1241227,428046,148769,27/1241227.mp3,306.3,house_candidate,6,edm|house,electronic|trance,house_candidate,1,edm|electronic|house|trance
1309591,386200,155582,91/1309591.mp3,322.3,hiphop_candidate,5,hiphop|rap,rnb,hiphop_candidate,1,hiphop|rap|rnb
1252982,339344,149926,82/1252982.mp3,212.7,pop_candidate,5,electropop|synthpop,electronic,pop_candidate,1,electronic|electropop|synthpop
1256080,479353,150230,80/1256080.mp3,216.1,break_candidate,4,breakbeat|drumnbass,,break_candidate,1,breakbeat|drumnbass
1294881,485061,154171,81/1294881.mp3,195.0,lock_candidate,5,funk|soul,groove,lock_candidate,1,funk|groove|soul|soundtrack
0074585,003025,006634,85/74585.mp3,300.0,house_candidate,6,house,dance|electronic|techno|trance,house_candidate,1,dance|electronic|house|techno|trance
1180601,007349,142065,01/1180601.mp3,271.1,hiphop_candidate,5,hiphop|rap,rnb,hiphop_candidate,1,hiphop|rap|rnb
0371272,350333,047610,72/371272.mp3,447.4,pop_candidate,5,instrumentalpop|pop,electronic,pop_candidate,1,electronic|instrumentalpop|pop|rock
1279239,482152,152620,39/1279239.mp3,308.5,break_candidate,4,breakbeat|drumnbass,,break_candidate,1,breakbeat|drumnbass|techno
0915384,373547,108354,84/915384.mp3,306.9,lock_candidate,5,funk|jazzfunk,jazz,lock_candidate,1,funk|jazz|jazzfunk
1413262,353807,165015,62/1413262.mp3,208.7,house_candidate,6,club|edm,dance|electronic,house_candidate,1,club|dance|edm|electronic
1335361,488990,157841,61/1335361.mp3,225.9,hiphop_candidate,5,hiphop|rap,rnb,hiphop_candidate,1,hiphop|rap|rnb
1271905,470555,151894,05/1271905.mp3,242.7,pop_candidate,5,electropop|pop,dance,pop_candidate,1,dance|electropop|pop
0984674,428097,115908,74/984674.mp3,289.7,break_candidate,4,drumnbass,electronic|electronica,break_candidate,1,drumnbass|electronic|electronica
0962772,423187,113175,72/962772.mp3,190.6,lock_candidate,5,funk|jazzfunk,jazz,lock_candidate,1,acidjazz|funk|jazz|jazzfunk
1336308,486413,157924,08/1336308.mp3,237.3,house_candidate,6,edm|house,electronic|trance,house_candidate,1,contemporary|edm|electronic|house|trance
1072595,386200,127386,95/1072595.mp3,480.0,hiphop_candidate,5,hiphop|rap,rnb,hiphop_candidate,1,hiphop|rap|rnb
1416190,004116,163853,90/1416190.mp3,215.2,pop_candidate,5,electropop|pop,electronic,pop_candidate,1,electronic|electropop|pop
1409390,362636,164686,90/1409390.mp3,359.5,break_candidate,4,breakbeat|drumnbass,,break_candidate,1,breakbeat|drumnbass|tribal
1129668,362862,135375,68/1129668.mp3,236.1,lock_candidate,5,funk|soul,rnb,lock_candidate,1,funk|rnb|soul
1303077,485924,155019,77/1303077.mp3,166.9,house_candidate,6,club|edm,dance|electronic,house_candidate,1,club|dance|edm|electronic|idm
0159330,339226,022879,30/159330.mp3,213.6,hiphop_candidate,5,hiphop|rap,downtempo,hiphop_candidate,1,downtempo|electronic|hiphop|rap
1228623,452157,147395,23/1228623.mp3,230.9,pop_candidate,5,pop|synthpop,electronic,pop_candidate,1,electronic|pop|synthpop
1122392,442559,134139,92/1122392.mp3,226.1,break_candidate,4,drumnbass,electronic|experimental,break_candidate,1,drumnbass|dubstep|electronic|experimental
0625206,356759,072408,06/625206.mp3,235.8,lock_candidate,5,funk|jazzfunk,jazz,lock_candidate,1,funk|jazz|jazzfunk
0986495,428046,116107,95/986495.mp3,304.3,house_candidate,6,club|house,dance|trance,house_candidate,1,club|dance|house|trance
1365778,492228,160806,78/1365778.mp3,237.0,hiphop_candidate,5,hiphop|rap,rnb,hiphop_candidate,1,hiphop|rap|rnb
1373151,479814,161459,51/1373151.mp3,247.4,pop_candidate,5,electropop|synthpop,electronic,pop_candidate,1,electronic|electropop|synthpop
0223142,337114,032823,42/223142.mp3,275.5,break_candidate,4,breakbeat,electronic|experimental,break_candidate,1,alternative|breakbeat|dance|electronic|experimental
0177569,337262,027131,69/177569.mp3,228.2,lock_candidate,5,funk|jazzfunk,groove,lock_candidate,1,alternative|electronic|funk|groove|jazzfunk
1357451,341205,159948,51/1357451.mp3,215.9,house_candidate,6,edm|house,electronic|techno,house_candidate,1,edm|electronic|house|techno
1419650,496074,165646,50/1419650.mp3,258.8,hiphop_candidate,5,hiphop|rap,rnb,hiphop_candidate,1,hiphop|rap|rnb
1065761,426809,125902,61/1065761.mp3,303.3,pop_candidate,5,electropop|pop,electronic,pop_candidate,1,electronic|electropop|pop|poprock
1336427,424522,157930,27/1336427.mp3,230.9,break_candidate,4,breakbeat|drumnbass,,break_candidate,1,breakbeat|dance|drumnbass
0661545,362501,076749,45/661545.mp3,181.3,lock_candidate,5,funk|jazzfunk,groove,lock_candidate,1,funk|groove|jazzfunk
1104996,442174,131935,96/1104996.mp3,221.4,house_candidate,6,edm|house,dance|techno,house_candidate,1,dance|edm|house|techno
1336287,488171,157921,87/1336287.mp3,244.0,hiphop_candidate,5,hiphop|triphop,downtempo,hiphop_candidate,1,downtempo|hiphop|triphop
1171069,339344,140984,69/1171069.mp3,392.2,pop_candidate,5,electropop|synthpop,electronic,pop_candidate,1,electronic|electropop|synthpop
1278258,477775,152525,58/1278258.mp3,148.7,break_candidate,4,drumnbass,electronic|experimental,break_candidate,1,drumnbass|electronic|experimental
1208802,008004,145175,02/1208802.mp3,220.8,lock_candidate,5,funk|jazzfunk,jazz,lock_candidate,1,funk|jazz|jazzfunk
1409922,360620,164889,22/1409922.mp3,264.3,house_candidate,6,club|house,dance|trance,house_candidate,1,club|dance|house|trance
1178768,356076,141440,68/1178768.mp3,338.9,hiphop_candidate,5,hiphop|rap,rnb,hiphop_candidate,1,hiphop|rap|rnb
1250039,448643,149622,39/1250039.mp3,169.5,pop_candidate,5,electropop|pop,dance,pop_candidate,1,dance|electropop|pop
0017966,002278,002534,66/17966.mp3,355.9,break_candidate,4,breakbeat,electronic|experimental,break_candidate,1,ambient|breakbeat|chillout|electronic|experimental
0986493,340262,116106,93/986493.mp3,112.8,lock_candidate,5,funk|jazzfunk,fusion,lock_candidate,1,funk|fusion|jazzfunk
0971653,422939,114351,53/971653.mp3,457.9,house_candidate,6,deephouse|edm,electronic|techno,house_candidate,1,deephouse|edm|electronic|techno|world
1366203,492228,160730,03/1366203.mp3,160.8,hiphop_candidate,5,hiphop|rap,rnb,hiphop_candidate,1,hiphop|rap|rnb
0087999,002831,008526,99/87999.mp3,200.2,pop_candidate,5,instrumentalpop|pop,electronic,pop_candidate,1,african|electronic|ethno|instrumentalpop|lounge|pop
1385281,435290,162510,81/1385281.mp3,216.9,break_candidate,4,breakbeat,electronic|electronica,break_candidate,1,breakbeat|electronic|electronica
1101578,353120,131481,78/1101578.mp3,239.9,lock_candidate,5,funk|soul,jazz,lock_candidate,1,funk|jazz|lounge|reggae|soul
0889180,007862,104570,80/889180.mp3,434.2,house_candidate,6,deephouse|house,electronic|techno,house_candidate,1,deephouse|electronic|house|lounge|techno
1137233,439567,136587,33/1137233.mp3,194.8,hiphop_candidate,5,hiphop|triphop,downtempo,hiphop_candidate,1,downtempo|electronic|hiphop|triphop
0717715,356131,083719,15/717715.mp3,340.1,pop_candidate,5,electropop|pop,dance,pop_candidate,1,dance|electropop|pop
0632798,337114,073271,98/632798.mp3,279.4,break_candidate,4,drumnbass,electronic|experimental,break_candidate,1,drumnbass|electronic|experimental
0513873,357062,060223,73/513873.mp3,280.6,lock_candidate,4,funk|jazzfunk,,lock_candidate,1,funk|jazzfunk|soundtrack
1044373,378207,122982,73/1044373.mp3,310.9,house_candidate,6,house,dance|electronic|techno|trance,house_candidate,1,dance|electronic|house|techno|trance
1294624,458379,154133,24/1294624.mp3,298.7,hiphop_candidate,5,hiphop|rap,rnb,hiphop_candidate,1,hiphop|rap|rnb
1225735,438966,147023,35/1225735.mp3,234.4,pop_candidate,5,pop|synthpop,electronic,pop_candidate,1,electronic|pop|synthpop
1395668,493932,162320,68/1395668.mp3,245.5,break_candidate,4,breakbeat|drumnbass,,break_candidate,1,breakbeat|drumnbass
1241774,474502,148819,74/1241774.mp3,289.1,lock_candidate,4,funk|jazzfunk,,lock_candidate,1,funk|improvisation|jazzfunk
1286881,007362,153414,81/1286881.mp3,281.1,house_candidate,6,club|deephouse|house,,house_candidate,1,club|deephouse|house
0694889,365130,081045,89/694889.mp3,273.8,hiphop_candidate,5,hiphop|triphop,downtempo,hiphop_candidate,1,downtempo|hiphop|triphop
1187979,434337,142986,79/1187979.mp3,253.5,pop_candidate,5,eurodance|pop,dance,pop_candidate,1,dance|eurodance|pop
1419761,467873,165629,61/1419761.mp3,233.6,break_candidate,4,breakbeat,electronic|electronica,break_candidate,1,breakbeat|electronic|electronica
0819060,368880,095731,60/819060.mp3,228.6,lock_candidate,4,funk|soul,,lock_candidate,1,ambient|electronic|funk|soul
1418219,474996,165495,19/1418219.mp3,487.6,house_candidate,6,deephouse|house,electronic|techno,house_candidate,1,deephouse|electronic|house|techno
0639525,362679,074232,25/639525.mp3,230.2,hiphop_candidate,5,hiphop|rap,rnb,hiphop_candidate,1,hiphop|lounge|rap|rnb
1216213,456650,145911,13/1216213.mp3,183.0,pop_candidate,5,electropop|pop,electronic,pop_candidate,1,electronic|electropop|pop
1072905,354832,127466,05/1072905.mp3,203.1,break_candidate,3,drumnbass,experimental,break_candidate,1,drumnbass|experimental
1339522,352184,158241,22/1339522.mp3,446.7,lock_candidate,4,soul,dance|rnb,lock_candidate,1,dance|rnb|soul
1262654,004934,150951,54/1262654.mp3,295.5,house_candidate,6,club|deephouse|house,,house_candidate,1,club|deephouse|house
1100886,358485,131360,86/1100886.mp3,218.3,hiphop_candidate,5,hiphop|rap,rnb,hiphop_candidate,1,hiphop|rap|rnb
1346180,490131,158862,80/1346180.mp3,321.3,pop_candidate,5,electropop|synthpop,electronic,pop_candidate,1,electronic|electropop|synthpop
0872001,362636,102312,01/872001.mp3,307.4,break_candidate,3,breakbeat,electronic,break_candidate,1,breakbeat|dance|electronic
0701779,003581,081878,79/701779.mp3,153.6,lock_candidate,4,disco|funk,,lock_candidate,1,disco|electronic|funk
1403972,001336,164185,72/1403972.mp3,201.7,house_candidate,6,deephouse|house,dance|minimal,house_candidate,1,dance|deephouse|house|minimal
1079571,439195,128565,71/1079571.mp3,248.4,hiphop_candidate,4,hiphop|rap,,hiphop_candidate,1,alternative|blues|hiphop|jazz|rap
0916171,002208,108457,71/916171.mp3,254.8,pop_candidate,5,electropop|pop,electronic,pop_candidate,1,80s|chillout|electronic|electropop|pop|rock
1266508,007862,151349,08/1266508.mp3,139.6,break_candidate,3,drumnbass,electronic,break_candidate,1,chillout|drumnbass|electronic
0043686,006038,005258,86/43686.mp3,214.6,lock_candidate,4,funk|soul,,lock_candidate,1,ambient|chillout|electronic|funk|lounge|soul
0944904,342507,110979,04/944904.mp3,235.1,house_candidate,6,deephouse|house,dance|electronic,house_candidate,1,dance|deephouse|electronic|house
1145280,451032,137313,80/1145280.mp3,163.6,hiphop_candidate,4,hiphop|rap,,hiphop_candidate,1,hiphop|rap
1295414,479278,154224,14/1295414.mp3,218.3,pop_candidate,5,pop|synthpop,electronic,pop_candidate,1,electronic|pop|synthpop
0313809,338437,042473,09/313809.mp3,225.9,break_candidate,3,breakbeat,electronic,break_candidate,1,breakbeat|electronic
1210595,340569,145399,95/1210595.mp3,344.1,lock_candidate,4,funk|soul,,lock_candidate,1,funk|soul
0552282,336426,064286,82/552282.mp3,323.2,house_candidate,6,club,dance|electronic|techno|trance,house_candidate,1,club|dance|electronic|techno|trance
0381192,348047,048465,92/381192.mp3,163.5,hiphop_candidate,4,hiphop|rap,,hiphop_candidate,1,hiphop|rap
0024242,001064,003342,42/24242.mp3,104.1,pop_candidate,5,pop|synthpop,electronic,pop_candidate,1,easylistening|electronic|pop|synthpop
1162949,455463,139731,49/1162949.mp3,212.6,break_candidate,3,drumnbass,electronic,break_candidate,1,dance|drumnbass|electronic
1375973,352114,161759,73/1375973.mp3,164.3,lock_candidate,4,funk|jazzfunk,,lock_candidate,1,funk|jazzfunk|soundtrack
1304424,005373,155138,24/1304424.mp3,211.9,house_candidate,6,edm|house,dance|techno,house_candidate,1,dance|edm|house|techno
1391420,494429,163115,20/1391420.mp3,130.6,hiphop_candidate,4,hiphop|rap,,hiphop_candidate,1,hiphop|rap
1383959,477775,162394,59/1383959.mp3,289.8,pop_candidate,5,electropop|synthpop,electronic,pop_candidate,1,electronic|electropop|synthpop|techno
1082112,368142,128915,12/1082112.mp3,264.0,break_candidate,3,drumnbass,electronic,break_candidate,1,drumnbass|electronic|soundtrack
1245893,004056,149240,93/1245893.mp3,231.5,lock_candidate,4,funk|jazzfunk,,lock_candidate,1,electronic|funk|jazzfunk
0044308,003025,005330,08/44308.mp3,147.6,house_candidate,6,house,dance|electronic|techno|trance,house_candidate,1,dance|electronic|house|techno|trance
0938297,372092,110153,97/938297.mp3,101.2,hiphop_candidate,4,hiphop|rap,,hiphop_candidate,1,hiphop|rap
1069341,426809,126461,41/1069341.mp3,283.7,pop_candidate,5,electropop|pop,electronic,pop_candidate,1,electronic|electropop|folk|pop
0880666,348602,103536,66/880666.mp3,208.2,break_candidate,3,drumnbass,electronic,break_candidate,1,drumnbass|electronic
1184999,459301,142606,99/1184999.mp3,119.9,lock_candidate,4,funk|jazzfunk,,lock_candidate,1,funk|indie|jazzfunk
0757533,340768,090126,33/757533.mp3,217.9,house_candidate,6,club|house,dance|electronic,house_candidate,1,club|dance|electronic|house
0800684,369475,093761,84/800684.mp3,386.5,hiphop_candidate,4,hiphop|rap,,hiphop_candidate,1,african|hiphop|rap
1049550,435845,123609,50/1049550.mp3,232.5,pop_candidate,5,electropop|pop,dance,pop_candidate,1,dance|electropop|pop
1190818,442559,143326,18/1190818.mp3,163.8,break_candidate,3,drumnbass,experimental,break_candidate,1,drumnbass|experimental
1072437,339989,127400,37/1072437.mp3,401.1,lock_candidate,4,funk|soul,,lock_candidate,1,electronic|funk|rock|soul
0203701,341221,030257,01/203701.mp3,196.6,house_candidate,5,club|house,electronic,house_candidate,1,club|electronic|house|lounge
0969125,423187,114029,25/969125.mp3,161.5,hiphop_candidate,4,hiphop|rap,,hiphop_candidate,1,hiphop|rap
0236405,002208,034523,05/236405.mp3,258.0,pop_candidate,5,instrumentalpop|pop,electronic,pop_candidate,1,easylistening|electronic|instrumentalpop|pop
1346677,448542,158908,77/1346677.mp3,436.8,break_candidate,3,drumnbass,electronic,break_candidate,1,drumnbass|dubstep|electronic
1066755,427549,126078,55/1066755.mp3,203.4,lock_candidate,4,funk|soul,,lock_candidate,1,funk|rock|rocknroll|soul
1285503,352865,153306,03/1285503.mp3,332.4,house_candidate,5,edm|house,electronic,house_candidate,1,edm|electronic|house
1029263,375935,121002,63/1029263.mp3,106.7,hiphop_candidate,4,hiphop|rap,,hiphop_candidate,1,hiphop|rap
0180466,340168,026913,66/180466.mp3,69.4,pop_candidate,5,instrumentalpop|synthpop,electronic,pop_candidate,1,darkwave|electronic|industrial|instrumentalpop|synthpop
1332960,351828,157642,60/1332960.mp3,126.8,break_candidate,3,drumnbass,electronic,break_candidate,1,drumnbass|electronic|trance
0182038,340262,027339,38/182038.mp3,157.2,lock_candidate,4,jazzfunk,fusion|jazz,lock_candidate,1,fusion|jazz|jazzfunk
0480474,351985,056707,74/480474.mp3,265.1,house_candidate,5,house,dance|electronic|trance,house_candidate,1,dance|electronic|house|trance
1144143,451032,137185,43/1144143.mp3,192.8,hiphop_candidate,4,hiphop|rap,,hiphop_candidate,1,hiphop|rap
1205415,350876,144799,15/1205415.mp3,230.0,pop_candidate,5,electropop|synthpop,electronic,pop_candidate,1,electronic|electropop|synthpop
0217493,339226,032199,93/217493.mp3,160.2,break_candidate,3,drumnbass,electronic,break_candidate,1,drumnbass|electronic
0602757,356417,069663,57/602757.mp3,124.0,lock_candidate,4,funk,fusion|jazz,lock_candidate,1,ambient|classical|funk|fusion|jazz
0273948,001090,038725,48/273948.mp3,188.7,house_candidate,5,house,dance|electronic|trance,house_candidate,1,dance|electronic|house|trance
1414216,496408,165114,16/1414216.mp3,243.5,hiphop_candidate,4,hiphop|rap,,hiphop_candidate,1,hiphop|rap
1119474,353958,133771,74/1119474.mp3,181.6,pop_candidate,5,electropop|pop,electronic,pop_candidate,1,electronic|electropop|pop
1085617,006845,129375,17/1085617.mp3,315.9,break_candidate,3,drumnbass,electronic,break_candidate,1,acidjazz|ambient|drumnbass|electronic|fusion
0152604,338901,021759,04/152604.mp3,172.1,lock_candidate,4,funk,fusion|jazz,lock_candidate,1,blues|funk|fusion|instrumentalrock|jazz
0089067,001336,008607,67/89067.mp3,469.8,house_candidate,5,house,electronic|minimal|techno,house_candidate,1,ambient|electronic|house|minimal|techno
1256022,479346,150226,22/1256022.mp3,261.0,hiphop_candidate,4,hiphop|rap,,hiphop_candidate,1,hiphop|rap
1327469,375104,157135,69/1327469.mp3,184.7,pop_candidate,5,eurodance|synthpop,dance,pop_candidate,1,dance|eurodance|synthpop|techno
0989090,361069,116364,90/989090.mp3,191.5,break_candidate,3,drumnbass,electronic,break_candidate,1,drumnbass|electronic
0223467,342352,032874,67/223467.mp3,318.7,lock_candidate,4,disco|funk,,lock_candidate,1,disco|funk
1011781,348254,119145,81/1011781.mp3,375.0,house_candidate,5,club|house,electronic,house_candidate,1,club|electronic|house
1316648,454470,156232,48/1316648.mp3,257.7,hiphop_candidate,4,hiphop|triphop,,hiphop_candidate,1,electronic|hiphop|triphop
1216208,456650,145912,08/1216208.mp3,262.0,pop_candidate,5,electropop|pop,electronic,pop_candidate,1,electronic|electropop|pop
0296238,348064,040689,38/296238.mp3,289.1,break_candidate,3,drumnbass,electronic,break_candidate,1,classical|drumnbass|easylistening|electronic|idm|lounge
0087483,003177,008387,83/87483.mp3,216.0,lock_candidate,4,disco,dance|fusion,lock_candidate,1,dance|disco|fusion
1372778,490499,161473,78/1372778.mp3,187.5,house_candidate,5,club|house,dance,house_candidate,1,club|dance|house
0848378,372092,099123,78/848378.mp3,234.5,hiphop_candidate,4,hiphop|rap,,hiphop_candidate,1,hiphop|rap
1155066,000482,138566,66/1155066.mp3,252.9,pop_candidate,5,electropop|pop,electronic,pop_candidate,1,electronic|electropop|pop
0015659,002278,002225,59/15659.mp3,305.2,break_candidate,3,breakbeat,electronic,break_candidate,1,breakbeat|easylistening|electronic|lounge
1195124,461514,143811,24/1195124.mp3,254.9,lock_candidate,4,funk|jazzfunk,,lock_candidate,1,funk|jazzfunk|latin
0855373,372757,100057,73/855373.mp3,205.0,house_candidate,5,house,dance|electronic|electronica,house_candidate,1,dance|electronic|electronica|house|idm|newage
1104889,441832,131901,89/1104889.mp3,190.0,hiphop_candidate,4,hiphop|rap,,hiphop_candidate,1,hiphop|rap|rock
1215805,466853,145861,05/1215805.mp3,204.1,pop_candidate,5,eurodance|pop,electronic,pop_candidate,1,electronic|eurodance|pop
0338084,350019,044785,84/338084.mp3,418.1,break_candidate,3,breakbeat,electronic,break_candidate,1,breakbeat|electronic|industrial
1355456,422484,159785,56/1355456.mp3,227.6,lock_candidate,4,funk|jazzfunk,,lock_candidate,1,funk|jazzfunk
1375367,493138,161618,67/1375367.mp3,243.7,house_candidate,5,club|house,electronic,house_candidate,1,club|electronic|house
0043412,005716,005234,12/43412.mp3,202.7,hiphop_candidate,4,hiphop|rap,,hiphop_candidate,1,hiphop|rap
1231343,452157,147664,43/1231343.mp3,230.4,pop_candidate,5,pop|synthpop,electronic,pop_candidate,1,electronic|pop|synthpop
0295463,341346,040637,63/295463.mp3,181.9,break_candidate,3,drumnbass,electronic,break_candidate,1,drumnbass|electronic
1160602,455274,139384,02/1160602.mp3,319.9,lock_candidate,4,funk|soul,,lock_candidate,1,funk|reggae|soul
0646404,348254,074911,04/646404.mp3,491.2,house_candidate,5,house,electronic|techno|trance,house_candidate,1,electronic|house|techno|trance
1143990,452148,137161,90/1143990.mp3,213.4,hiphop_candidate,4,hiphop|rap,,hiphop_candidate,1,hiphop|rap
1030922,433577,121278,22/1030922.mp3,212.1,pop_candidate,5,electropop|pop,electronic,pop_candidate,1,electronic|electropop|pop|rock
0033327,004658,004117,27/33327.mp3,192.1,break_candidate,3,drumnbass,electronic,break_candidate,1,drumnbass|easylistening|electronic
0301460,000797,041155,60/301460.mp3,215.6,lock_candidate,4,funk,fusion|rnb,lock_candidate,1,funk|fusion|rnb
1074917,340218,127988,17/1074917.mp3,261.5,house_candidate,5,club|house,electronic,house_candidate,1,club|electronic|groove|house
1115098,348835,133276,98/1115098.mp3,192.4,hiphop_candidate,4,hiphop|rap,,hiphop_candidate,1,hiphop|rap
1294867,360341,154166,67/1294867.mp3,228.2,pop_candidate,5,electropop|synthpop,electronic,pop_candidate,1,electronic|electropop|synthpop
1109541,356880,132546,41/1109541.mp3,493.7,break_candidate,3,drumnbass,electronic,break_candidate,1,drumnbass|electronic|idm
1107277,366251,132229,77/1107277.mp3,213.1,lock_candidate,4,funk,fusion|jazz,lock_candidate,1,funk|fusion|jazz|metal
1009197,341642,118788,97/1009197.mp3,312.8,house_candidate,5,club,dance|electronic|trance,house_candidate,1,chillout|club|dance|electronic|trance
1157597,454720,138911,97/1157597.mp3,89.5,hiphop_candidate,4,hiphop|rap,,hiphop_candidate,1,hiphop|rap
1389293,465078,162921,93/1389293.mp3,192.3,pop_candidate,5,electropop|pop,electronic,pop_candidate,1,electronic|electropop|pop
1346567,448542,158896,67/1346567.mp3,308.4,break_candidate,3,drumnbass,electronic,break_candidate,1,classical|drumnbass|electronic|soundtrack
1098111,360077,130969,11/1098111.mp3,133.3,lock_candidate,4,funk|soul,,lock_candidate,1,funk|soul|soundtrack
1053505,435992,124137,05/1053505.mp3,265.0,house_candidate,5,club,dance|techno|trance,house_candidate,1,club|dance|progressive|techno|trance
0172031,339779,025331,31/172031.mp3,237.9,hiphop_candidate,4,hiphop|rap,,hiphop_candidate,1,hiphop|rap
0548601,340444,063877,01/548601.mp3,231.2,pop_candidate,5,electropop|pop,dance,pop_candidate,1,dance|electropop|indie|pop|poprock|rock
1400982,483236,163944,82/1400982.mp3,206.2,break_candidate,3,drumnbass,electronic,break_candidate,1,drumnbass|electronic
1419040,438431,165572,40/1419040.mp3,258.7,lock_candidate,4,disco|funk,,lock_candidate,1,70s|disco|funk
1142649,005373,137000,49/1142649.mp3,146.3,house_candidate,5,edm,dance|electronic|techno,house_candidate,1,dance|edm|electronic|techno
1238097,474519,148375,97/1238097.mp3,307.7,hiphop_candidate,4,hiphop|triphop,,hiphop_candidate,1,electronic|hiphop|triphop
1317549,485295,154414,49/1317549.mp3,131.0,pop_candidate,5,electropop|synthpop,electronic,pop_candidate,1,electronic|electropop|synthpop
1339422,365072,158232,22/1339422.mp3,323.5,break_candidate,3,drumnbass,electronic,break_candidate,1,ambient|drumnbass|electronic
0500830,356417,058646,30/500830.mp3,163.8,lock_candidate,4,funk,fusion|jazz,lock_candidate,1,ambient|funk|fusion|jazz
1413320,496314,165018,20/1413320.mp3,299.5,house_candidate,5,edm,dance|techno|trance,house_candidate,1,dance|edm|techno|trance
1012597,431101,119263,97/1012597.mp3,269.4,hiphop_candidate,4,hiphop|rap,,hiphop_candidate,1,hiphop|rap
1352591,368596,159472,91/1352591.mp3,245.4,pop_candidate,5,electropop|synthpop,electronic,pop_candidate,1,electronic|electropop|synthpop
1096293,419301,130713,93/1096293.mp3,260.0,break_candidate,3,drumnbass,electronic,break_candidate,1,drumnbass|dubstep|electronic|trance
0161541,339312,023661,41/161541.mp3,285.3,lock_candidate,4,funk,jazz|rnb,lock_candidate,1,funk|jazz|rnb
1204460,421137,144673,60/1204460.mp3,192.1,house_candidate,5,deephouse|house,electronic,house_candidate,1,deephouse|electronic|house
1029333,415965,121157,33/1029333.mp3,275.0,hiphop_candidate,4,hiphop|rap,,hiphop_candidate,1,dub|hiphop|rap|reggae
1392970,465078,163262,70/1392970.mp3,82.1,pop_candidate,5,electropop|pop,dance,pop_candidate,1,dance|electropop|pop
1386918,494218,162677,18/1386918.mp3,215.4,break_candidate,3,breakbeat,electronic,break_candidate,1,breakbeat|electronic|indie
0572382,351213,066052,82/572382.mp3,230.0,lock_candidate,4,jazzfunk,groove|jazz,lock_candidate,1,groove|jazz|jazzfunk|ska
0658529,341205,076384,29/658529.mp3,439.5,house_candidate,5,deephouse|house,electronic,house_candidate,1,deephouse|electronic|house
1237939,474541,148389,39/1237939.mp3,239.2,hiphop_candidate,4,hiphop|rap,,hiphop_candidate,1,hiphop|rap
1237150,437980,148314,50/1237150.mp3,201.3,pop_candidate,5,electropop|pop,electronic,pop_candidate,1,electronic|electropop|pop
1349620,424522,159217,20/1349620.mp3,278.6,break_candidate,3,breakbeat,electronic,break_candidate,1,breakbeat|dance|electronic
1079398,005240,128551,98/1079398.mp3,258.3,lock_candidate,4,disco,dance|groove,lock_candidate,1,ambient|classical|dance|disco|groove|orchestral|soundtrack
1305123,486113,155209,23/1305123.mp3,484.8,house_candidate,5,deephouse|house,techno,house_candidate,1,deephouse|house|techno
0081287,008274,007449,87/81287.mp3,202.4,hiphop_candidate,4,hiphop|triphop,,hiphop_candidate,1,electronic|hiphop|triphop
0935791,378901,109836,91/935791.mp3,244.0,pop_candidate,5,pop|synthpop,electronic,pop_candidate,1,contemporary|easylistening|electronic|pop|synthpop
0080934,007986,007411,34/80934.mp3,258.0,break_candidate,3,drumnbass,electronic,break_candidate,1,drumnbass|electronic
0054225,006038,006142,25/54225.mp3,157.1,lock_candidate,4,disco|funk,,lock_candidate,1,disco|easylistening|electronic|funk|lounge
0745014,340121,087064,14/745014.mp3,308.2,house_candidate,5,club|house,electronic,house_candidate,1,club|electronic|house
1399777,489561,163846,77/1399777.mp3,285.3,hiphop_candidate,4,hiphop|rap,,hiphop_candidate,1,ambient|hiphop|rap
1324956,487143,156916,56/1324956.mp3,255.4,pop_candidate,5,electropop|pop,dance,pop_candidate,1,80s|dance|electropop|pop
0919940,352814,108946,40/919940.mp3,509.7,break_candidate,3,drumnbass,electronic,break_candidate,1,drumnbass|electronic|jazz
1299788,485608,154693,88/1299788.mp3,202.0,lock_candidate,4,funk|jazzfunk,,lock_candidate,1,electronic|funk|jazzfunk
0200570,341063,029800,70/200570.mp3,224.7,house_candidate,5,house,dance|electronic|techno,house_candidate,1,dance|electronic|house|techno
0939804,002816,110362,04/939804.mp3,99.9,hiphop_candidate,4,hiphop|rap,,hiphop_candidate,1,electronic|hiphop|rap
1055324,431036,124418,24/1055324.mp3,198.2,pop_candidate,5,instrumentalpop|synthpop,electronic,pop_candidate,1,electronic|instrumentalpop|synthpop|techno
0855359,372815,100082,59/855359.mp3,345.6,break_candidate,3,drumnbass,electronic,break_candidate,1,bossanova|drumnbass|electronic
1404017,363811,164188,17/1404017.mp3,184.4,lock_candidate,4,funk|jazzfunk,,lock_candidate,1,funk|jazzfunk
1291844,438966,153856,44/1291844.mp3,201.8,house_candidate,5,club|house,techno,house_candidate,1,club|house|techno
1338385,343154,158121,85/1338385.mp3,197.4,hiphop_candidate,4,hiphop|rap,,hiphop_candidate,1,hiphop|rap
1271851,437980,151884,51/1271851.mp3,144.8,pop_candidate,5,electropop|pop,electronic,pop_candidate,1,electronic|electropop|pop
1026547,366862,120694,47/1026547.mp3,452.6,break_candidate,3,drumnbass,electronic,break_candidate,1,atmospheric|drumnbass|dubstep|electronic
1056638,431739,124593,38/1056638.mp3,82.8,lock_candidate,4,funk|jazzfunk,,lock_candidate,1,classical|funk|jazzfunk
0046047,004658,005537,47/46047.mp3,357.7,house_candidate,5,house,dance|electronic|techno,house_candidate,1,dance|electronic|house|techno
1335407,486413,157851,07/1335407.mp3,156.1,hiphop_candidate,4,hiphop|rap,,hiphop_candidate,1,hiphop|rap
0007394,001064,001115,94/7394.mp3,150.7,pop_candidate,5,pop|synthpop,electronic,pop_candidate,1,downtempo|easylistening|electronic|pop|soundtrack|synthpop
0349289,007379,046149,89/349289.mp3,307.4,break_candidate,3,drumnbass,electronic,break_candidate,1,drumnbass|electronic
1153708,453809,138388,08/1153708.mp3,107.5,lock_candidate,4,funk|soul,,lock_candidate,1,alternative|funk|soul
1308621,486490,155502,21/1308621.mp3,295.4,house_candidate,5,deephouse|house,techno,house_candidate,1,deephouse|house|techno
1081829,437666,128887,29/1081829.mp3,148.5,hiphop_candidate,4,hiphop|rap,,hiphop_candidate,1,hiphop|rap
1370791,492766,161252,91/1370791.mp3,269.7,pop_candidate,5,electropop|synthpop,electronic,pop_candidate,1,electronic|electropop|synthpop
1335500,488943,157872,00/1335500.mp3,359.1,break_candidate,3,drumnbass,electronic,break_candidate,1,drumnbass|electronic
1174172,455710,141418,72/1174172.mp3,299.9,lock_candidate,4,funk|jazzfunk,,lock_candidate,1,experimental|funk|jazzfunk
0181348,340218,027105,48/181348.mp3,377.7,house_candidate,5,club|house,electronic,house_candidate,1,club|electronic|house
1398414,439371,163735,14/1398414.mp3,131.4,hiphop_candidate,4,hiphop|rap,,hiphop_candidate,1,hiphop|rap
1281239,482680,152817,39/1281239.mp3,161.7,pop_candidate,5,electropop|pop,electronic,pop_candidate,1,electronic|electropop|pop
1384218,357238,162413,18/1384218.mp3,359.7,break_candidate,3,drumnbass,electronic,break_candidate,1,drumnbass|electronic
1117564,443173,133535,64/1117564.mp3,226.5,lock_candidate,4,disco,dance|fusion,lock_candidate,1,dance|disco|fusion|oriental|techno
1146828,348200,137499,28/1146828.mp3,258.0,house_candidate,5,house,dance|electronic|electronica,house_candidate,1,dance|electronic|electronica|house|progressive
0193905,340792,028984,05/193905.mp3,215.5,hiphop_candidate,4,hiphop|rap,,hiphop_candidate,1,experimental|hiphop|rap
0258836,338876,037081,36/258836.mp3,367.5,pop_candidate,5,instrumentalpop|pop,electronic,pop_candidate,1,electronic|instrumentalpop|pop|rock
1315534,486995,156121,34/1315534.mp3,314.5,break_candidate,3,breakbeat,electronic,break_candidate,1,breakbeat|electronic
0295782,348045,040646,82/295782.mp3,184.0,lock_candidate,4,funk,fusion|rnb,lock_candidate,1,electronic|funk|fusion|rnb
1353368,490860,159548,68/1353368.mp3,172.9,house_candidate,5,club|house,dance,house_candidate,1,chillout|club|dance|easylistening|house
1255525,479233,150167,25/1255525.mp3,257.4,hiphop_candidate,4,hiphop|rap,,hiphop_candidate,1,hiphop|rap
1312906,437115,155880,06/1312906.mp3,168.3,pop_candidate,5,electropop|pop,electronic,pop_candidate,1,electronic|electropop|pop
1239475,342174,148538,75/1239475.mp3,312.1,break_candidate,3,breakbeat,electronic,break_candidate,1,breakbeat|electronic|progressive
0866780,363811,101593,80/866780.mp3,208.7,lock_candidate,4,disco|funk,,lock_candidate,1,disco|funk
1393528,375104,163329,28/1393528.mp3,61.1,house_candidate,5,club|house,electronic,house_candidate,1,club|electronic|house
0899877,007619,105930,77/899877.mp3,237.1,hiphop_candidate,4,hiphop|rap,,hiphop_candidate,1,hiphop|rap
1317550,485295,154415,50/1317550.mp3,137.0,pop_candidate,5,electropop|synthpop,electronic,pop_candidate,1,electronic|electropop|synthpop
1289019,484424,153632,19/1289019.mp3,338.2,break_candidate,3,drumnbass,electronic,break_candidate,1,drumnbass|electronic
1414506,496499,165151,06/1414506.mp3,291.1,lock_candidate,4,jazzfunk,fusion|jazz,lock_candidate,1,fusion|jazz|jazzfunk|lounge|newage
0908380,362679,107427,80/908380.mp3,180.9,house_candidate,5,club,dance|electronic|trance,house_candidate,1,club|dance|dubstep|electronic|trance
0887658,002816,104380,58/887658.mp3,97.7,hiphop_candidate,4,hiphop|rap,,hiphop_candidate,1,electronic|hiphop|rap
0330383,349673,044110,83/330383.mp3,206.0,pop_candidate,5,electropop|pop,electronic,pop_candidate,1,easylistening|electronic|electropop|pop
1197329,419438,144061,29/1197329.mp3,144.9,break_candidate,3,breakbeat,electronic,break_candidate,1,breakbeat|electronic
1319505,487532,156458,05/1319505.mp3,278.0,lock_candidate,4,soul,jazz|rnb,lock_candidate,1,jazz|rnb|soul
1169879,352865,140766,79/1169879.mp3,398.8,house_candidate,5,edm|house,electronic,house_candidate,1,edm|electronic|house
1130913,359617,135548,13/1130913.mp3,192.1,hiphop_candidate,4,hiphop|rap,,hiphop_candidate,1,hiphop|rap
0032623,000533,004049,23/32623.mp3,222.9,pop_candidate,5,pop|synthpop,electronic,pop_candidate,1,electronic|pop|synthpop
1284730,483824,153231,30/1284730.mp3,264.0,break_candidate,3,drumnbass,electronica,break_candidate,1,drumnbass|electronica|indie
1361132,004505,160331,32/1361132.mp3,200.9,lock_candidate,4,disco|funk,,lock_candidate,1,disco|funk
1113422,350791,132965,22/1113422.mp3,259.0,house_candidate,5,house,dance|electronic|techno,house_candidate,1,dance|electronic|house|techno
1320631,487568,156584,31/1320631.mp3,182.0,hiphop_candidate,4,hiphop|rap,,hiphop_candidate,1,hiphop|rap
1245432,001907,149207,32/1245432.mp3,146.3,pop_candidate,5,electropop|pop,electronic,pop_candidate,1,electronic|electropop|pop
0159815,007506,022948,15/159815.mp3,224.1,break_candidate,3,drumnbass,electronic,break_candidate,1,drumnbass|easylistening|electronic|lounge|soundtrack
1020438,373547,119999,38/1020438.mp3,189.6,lock_candidate,4,funk,dance|jazz,lock_candidate,1,dance|funk|jazz
1089928,428829,129913,28/1089928.mp3,192.0,house_candidate,5,deephouse|house,electronic,house_candidate,1,deephouse|electronic|house
0393820,352314,049495,20/393820.mp3,171.7,hiphop_candidate,4,hiphop|rap,,hiphop_candidate,1,hiphop|rap|techno
1050551,359452,123701,51/1050551.mp3,282.0,pop_candidate,5,electropop|pop,electronic,pop_candidate,1,electronic|electronica|electropop|pop
1119966,443466,133860,66/1119966.mp3,228.4,break_candidate,3,drumnbass,electronic,break_candidate,1,drumnbass|electronic
1299187,481486,154624,87/1299187.mp3,85.1,lock_candidate,4,funk|jazzfunk,,lock_candidate,1,chillout|funk|jazzfunk
1171319,457476,141026,19/1171319.mp3,269.8,house_candidate,5,deephouse|house,electronic,house_candidate,1,deephouse|electronic|house
0076729,007816,006901,29/76729.mp3,240.1,hiphop_candidate,4,hiphop|rap,,hiphop_candidate,1,hiphop|rap
1348885,433381,159145,85/1348885.mp3,260.6,pop_candidate,5,pop|synthpop,dance,pop_candidate,1,dance|pop|synthpop
0564211,004505,065268,11/564211.mp3,180.0,break_candidate,3,drumnbass,electronic,break_candidate,1,drumnbass|dubstep|electronic
0005760,000789,000883,60/5760.mp3,281.8,lock_candidate,4,funk|soul,,lock_candidate,1,funk|soul
1312589,437115,155865,89/1312589.mp3,201.0,house_candidate,5,deephouse|house,electronic,house_candidate,1,deephouse|electronic|house
1372077,492919,161410,77/1372077.mp3,227.6,hiphop_candidate,4,hiphop|rap,,hiphop_candidate,1,hiphop|rap|soundtrack
1377616,367280,161887,16/1377616.mp3,224.8,pop_candidate,5,pop|synthpop,electronic,pop_candidate,1,electronic|pop|synthpop
1311076,475291,155721,76/1311076.mp3,204.0,break_candidate,3,breakbeat,electronic,break_candidate,1,breakbeat|electronic
1247373,004819,149433,73/1247373.mp3,354.5,lock_candidate,4,funk|jazzfunk,,lock_candidate,1,acidjazz|funk|jazzfunk
1384043,493899,162397,43/1384043.mp3,217.7,house_candidate,5,deephouse|house,trance,house_candidate,1,deephouse|house|trance
0111121,337368,013941,21/111121.mp3,195.0,hiphop_candidate,4,hiphop|rap,,hiphop_candidate,1,hiphop|rap
1121847,434337,134051,47/1121847.mp3,253.5,pop_candidate,5,eurodance|pop,dance,pop_candidate,1,dance|eurodance|pop
0153597,338724,021947,97/153597.mp3,119.1,break_candidate,3,drumnbass,electronic,break_candidate,1,drumnbass|electronic
1227240,470555,147211,40/1227240.mp3,286.3,lock_candidate,4,jazzfunk|soul,,lock_candidate,1,jazzfunk|popfolk|soul
0003521,000530,000552,21/3521.mp3,290.1,house_candidate,5,house,electronic|minimal|techno,house_candidate,1,electronic|house|minimal|techno
1009559,431049,118839,59/1009559.mp3,347.3,hiphop_candidate,4,hiphop|triphop,,hiphop_candidate,1,electronic|hiphop|triphop
0168561,338876,024759,61/168561.mp3,225.8,pop_candidate,5,electropop|pop,electronic,pop_candidate,1,electronic|electropop|pop|poprock|rock
